command,mean,stddev,median,user,system,min,max
./a.out  < /dev/null,0.014068910995,0.004317702143496098,0.012400333395000001,0.012546065,0.001651182,0.010096641395000001,0.019054233395000002
