command,mean,stddev,median,user,system,min,max
./a.out  < /dev/null,0.01775185562,0.0010012151917848122,0.01787797682,0.016478274999999997,0.00140516,0.01621295982,0.01901970082
