command,mean,stddev,median,user,system,min,max
./a.out 75000 < /dev/null,0.006824226390000002,0.0000640726358338723,0.00683057959,0.006992215,0,0.006743270590000001,0.006898522590000001
