command,mean,stddev,median,user,system,min,max
./a.out 75000 < /dev/null,0.006720984805000002,0.0001606011422832979,0.006681889005000001,0.006220365,0.0006121389999999999,0.006526678005000001,0.006930969005000002
