command,mean,stddev,median,user,system,min,max
./a.out ../data/large/input/input_large.pgm ../data/large/output/output_large.c.pgm -c < /dev/null,0.005854827015,0.0000791046243212115,0.005811802015,0.005042196666666666,0.0008865033333333333,0.005806560015,0.005946119015
