command,mean,stddev,median,user,system,min,max
./a.out ../data/large/input/input_large.pgm ../data/large/output/output_large.c.pgm -c < /dev/null,0.00701439394,0.0004923213123000062,0.007111574340000001,0.004930179999999999,0.0020193359999999996,0.006315711340000001,0.007670007340000002
