command,mean,stddev,median,user,system,min,max
./a.out ../data/large/input/input_large.dat < /dev/null,0.07388715812500002,0.0012132645540782554,0.074274507325,0.06563356499999998,0.00828139,0.072050104325,0.07524525232500001
