command,mean,stddev,median,user,system,min,max
./a.out ../data/large/input/input_large.dat < /dev/null,0.06713086095500001,0.008485755031043153,0.069053756155,0.06111822999999998,0.00602533,0.052820817155000005,0.073546017155
